/*
SQLyog Ultimate v13.1.1 (64 bit)
MySQL - 5.6.36-log : Database - mybatis
*********************************************************************
*/

/*!40101 SET NAMES utf8 */;

/*!40101 SET SQL_MODE=''*/;

/*!40014 SET @OLD_UNIQUE_CHECKS=@@UNIQUE_CHECKS, UNIQUE_CHECKS=0 */;
/*!40014 SET @OLD_FOREIGN_KEY_CHECKS=@@FOREIGN_KEY_CHECKS, FOREIGN_KEY_CHECKS=0 */;
/*!40101 SET @OLD_SQL_MODE=@@SQL_MODE, SQL_MODE='NO_AUTO_VALUE_ON_ZERO' */;
/*!40111 SET @OLD_SQL_NOTES=@@SQL_NOTES, SQL_NOTES=0 */;
CREATE DATABASE /*!32312 IF NOT EXISTS*/`mybatis` /*!40100 DEFAULT CHARACTER SET utf8 */;

USE `mybatis`;

/*Table structure for table `student` */

DROP TABLE IF EXISTS `student`;

CREATE TABLE `student` (
  `sno` varchar(222) DEFAULT NULL,
  `sname` varchar(222) DEFAULT NULL,
  `ssex` varchar(222) DEFAULT NULL
) ENGINE=InnoDB DEFAULT CHARSET=utf8;

/*Data for the table `student` */

insert  into `student`(`sno`,`sname`,`ssex`) values 
('s8','adad7','m'),
('s9','adad8','m'),
('s10','adad9','m'),
('s11','adad10','m'),
('s12','adad11','m'),
('s13','adad12','m'),
('s14','adad13','m'),
('s15','adad14','m'),
('s16','adad15','m'),
('s17','adad16','m'),
('s6','adad5','m'),
('s6','adad5','m'),
('s6','adad5','m'),
('s6','adad5','m'),
('s6','adad5','m'),
('s6','adad5','m'),
('s6','adad5','m');

/*Table structure for table `tb_article` */

DROP TABLE IF EXISTS `tb_article`;

CREATE TABLE `tb_article` (
  `id` bigint(20) NOT NULL AUTO_INCREMENT COMMENT '编号',
  `title` varchar(400) DEFAULT NULL COMMENT '标题',
  `author` varchar(100) NOT NULL COMMENT '作者',
  `des` mediumtext COMMENT '文章描述',
  `content` mediumtext COMMENT '内容',
  `create_time` datetime NOT NULL COMMENT '创建时间',
  PRIMARY KEY (`id`)
) ENGINE=InnoDB AUTO_INCREMENT=4 DEFAULT CHARSET=utf8 COMMENT='文章表';

/*Data for the table `tb_article` */

insert  into `tb_article`(`id`,`title`,`author`,`des`,`content`,`create_time`) values 
(1,'How to write an article?','tycoding','<h1 id=\"h1-how-to-write-an-article-\" style=\"font-family: Roboto, sans-serif;\">How to write an article?</h1><h2 id=\"h2-markdown-rules\" style=\"font-family: Roboto, sans-serif;\"><a name=\"Markdown rules\" class=\"reference-link\"></a><span class=\"header-link octicon octicon-link\"></span>Markdown rules</h2><p><span style=\"font-weight: bolder;\">For example</span></p><p><a href=\"https://tycoding.cn/\">https://tycoding.cn</a></p>','<h1 id=\"h1-how-to-write-an-article-\"><a name=\"How to write an article?\" class=\"reference-link\"></a><span class=\"header-link octicon octicon-link\"></span>How to write an article?</h1><h2 id=\"h2-markdown-rules\"><a name=\"Markdown rules\" class=\"reference-link\"></a><span class=\"header-link octicon octicon-link\"></span>Markdown rules</h2><p><strong>For example</strong></p>\n<p><a href=\"https://tycoding.cn\">https://tycoding.cn</a></p>\n<pre><code class=\"lang-java\">public static void main(String[] args) {\n        System.out.println(\"Hello World\");\n}\n</code></pre>\n<p><img src=\"http://img.api.tycoding.cn/1568958650973.jpeg\" alt=\"\">\n<table>\n<thead>\n<tr>\n<th>Name</th>\n<th>Link</th>\n</tr>\n</thead>\n<tbody>\n<tr>\n<td>Github</td>\n<td><a href=\"https://github.com/TyCoding\">https://github.com/TyCoding</a></td>\n</tr>\n<tr>\n<td>Blog</td>\n<td><a href=\"https://tycoding.cn\">https://tycoding.cn</a></td>\n</tr>\n</tbody>\n</table>\n<ul>\n<li>list one</li><li>list two</li><li>list there</li></ul>\n<h1 id=\"h1-contact\"><a name=\"Contact\" class=\"reference-link\"></a><span class=\"header-link octicon octicon-link\"></span>Contact</h1><ul>\n<li><a href=\"http://www.tycoding.cn\">Blog@TyCoding’s blog</a></li><li><a href=\"https://github.com/TyCoding\">GitHub@TyCoding</a></li><li><a href=\"https://www.zhihu.com/people/tomo-83-82/activities\">ZhiHu@TyCoding</a></li><li>QQ Group: 671017003</li></ul>\n','2019-09-22 14:57:51'),
(2,'How to write an article? --2','tycoding','<h1 id=\"h1-how-to-write-an-article-\" style=\"font-family: Roboto, sans-serif;\">How to write an article?</h1><h2 id=\"h2-markdown-rules\" style=\"font-family: Roboto, sans-serif;\"><a name=\"Markdown rules\" class=\"reference-link\"></a><span class=\"header-link octicon octicon-link\"></span>Markdown rules</h2><h1><p style=\"color: rgb(96, 98, 102); font-size: 14px;\"><span style=\"font-weight: bolder;\">For example</span></p><p style=\"color: rgb(96, 98, 102); font-size: 14px;\"><a href=\"https://tycoding.cn/\">https://tycoding.cn</a></p></h1>','<h1 id=\"h1-how-to-write-an-article-\"><a name=\"How to write an article?\" class=\"reference-link\"></a><span class=\"header-link octicon octicon-link\"></span>How to write an article?</h1><h2 id=\"h2-markdown-rules\"><a name=\"Markdown rules\" class=\"reference-link\"></a><span class=\"header-link octicon octicon-link\"></span>Markdown rules</h2><p><strong>For example</strong></p>\n<p><a href=\"https://tycoding.cn\">https://tycoding.cn</a></p>\n<pre><code class=\"lang-java\">public static void main(String[] args) {\n        System.out.println(\"Hello World\");\n}\n</code></pre>\n<p><img src=\"http://img.api.tycoding.cn/1568958650973.jpeg\" alt=\"\">\n<table>\n<thead>\n<tr>\n<th>Name</th>\n<th>Link</th>\n</tr>\n</thead>\n<tbody>\n<tr>\n<td>Github</td>\n<td><a href=\"https://github.com/TyCoding\">https://github.com/TyCoding</a></td>\n</tr>\n<tr>\n<td>Blog</td>\n<td><a href=\"https://tycoding.cn\">https://tycoding.cn</a></td>\n</tr>\n</tbody>\n</table>\n<ul>\n<li>list one</li><li>list two</li><li>list there</li></ul>\n<h1 id=\"h1-contact\"><a name=\"Contact\" class=\"reference-link\"></a><span class=\"header-link octicon octicon-link\"></span>Contact</h1><ul>\n<li><a href=\"http://www.tycoding.cn\">Blog@TyCoding’s blog</a></li><li><a href=\"https://github.com/TyCoding\">GitHub@TyCoding</a></li><li><a href=\"https://www.zhihu.com/people/tomo-83-82/activities\">ZhiHu@TyCoding</a></li><li>QQ Group: 671017003</li></ul>\n','2019-09-22 14:58:31'),
(3,'How to write an article? --3','tycoding','<h1 id=\"h1-how-to-write-an-article-\" style=\"font-family: Roboto, sans-serif;\">How to write an article?</h1><h2 id=\"h2-markdown-rules\" style=\"font-family: Roboto, sans-serif;\"><a name=\"Markdown rules\" class=\"reference-link\"></a><span class=\"header-link octicon octicon-link\"></span>Markdown rules</h2><p><span style=\"font-weight: bolder;\">For example</span></p><p><a href=\"https://tycoding.cn/\">https://tycoding.cn</a></p>','<h1 id=\"h1-how-to-write-an-article-\"><a name=\"How to write an article?\" class=\"reference-link\"></a><span class=\"header-link octicon octicon-link\"></span>How to write an article?</h1><h2 id=\"h2-markdown-rules\"><a name=\"Markdown rules\" class=\"reference-link\"></a><span class=\"header-link octicon octicon-link\"></span>Markdown rules</h2><p><strong>For example</strong></p>\n<p><a href=\"https://tycoding.cn\">https://tycoding.cn</a></p>\n<pre><code class=\"lang-java\">public static void main(String[] args) {\n        System.out.println(\"Hello World\");\n}\n</code></pre>\n<p><img src=\"http://img.api.tycoding.cn/1568958650973.jpeg\" alt=\"\">\n<table>\n<thead>\n<tr>\n<th>Name</th>\n<th>Link</th>\n</tr>\n</thead>\n<tbody>\n<tr>\n<td>Github</td>\n<td><a href=\"https://github.com/TyCoding\">https://github.com/TyCoding</a></td>\n</tr>\n<tr>\n<td>Blog</td>\n<td><a href=\"https://tycoding.cn\">https://tycoding.cn</a></td>\n</tr>\n</tbody>\n</table>\n<ul>\n<li>list one</li><li>list two</li><li>list there</li></ul>\n<h1 id=\"h1-contact\"><a name=\"Contact\" class=\"reference-link\"></a><span class=\"header-link octicon octicon-link\"></span>Contact</h1><ul>\n<li><a href=\"http://www.tycoding.cn\">Blog@TyCoding’s blog</a></li><li><a href=\"https://github.com/TyCoding\">GitHub@TyCoding</a></li><li><a href=\"https://www.zhihu.com/people/tomo-83-82/activities\">ZhiHu@TyCoding</a></li><li>QQ Group: 671017003</li></ul>\n','2019-09-22 14:58:54');

/*Table structure for table `tb_article_category` */

DROP TABLE IF EXISTS `tb_article_category`;

CREATE TABLE `tb_article_category` (
  `id` bigint(20) NOT NULL AUTO_INCREMENT COMMENT '编号',
  `article_id` bigint(20) NOT NULL COMMENT '文章ID',
  `category_id` bigint(20) NOT NULL COMMENT '分类ID',
  PRIMARY KEY (`id`)
) ENGINE=InnoDB AUTO_INCREMENT=6 DEFAULT CHARSET=utf8 COMMENT='文章&&分类关联表';

/*Data for the table `tb_article_category` */

insert  into `tb_article_category`(`id`,`article_id`,`category_id`) values 
(1,1,1),
(2,2,1),
(3,3,1),
(4,2,1),
(5,1,4);

/*Table structure for table `tb_article_tag` */

DROP TABLE IF EXISTS `tb_article_tag`;

CREATE TABLE `tb_article_tag` (
  `id` bigint(20) NOT NULL AUTO_INCREMENT COMMENT '编号',
  `article_id` bigint(20) NOT NULL COMMENT '文章ID',
  `tag_id` bigint(20) NOT NULL COMMENT '标签ID',
  PRIMARY KEY (`id`)
) ENGINE=InnoDB AUTO_INCREMENT=6 DEFAULT CHARSET=utf8 COMMENT='文章&&标签关联表';

/*Data for the table `tb_article_tag` */

insert  into `tb_article_tag`(`id`,`article_id`,`tag_id`) values 
(1,1,4),
(2,2,4),
(3,3,1),
(4,3,4),
(5,2,1);

/*Table structure for table `tb_category` */

DROP TABLE IF EXISTS `tb_category`;

CREATE TABLE `tb_category` (
  `id` bigint(20) NOT NULL AUTO_INCREMENT COMMENT '编号',
  `name` varchar(100) DEFAULT NULL COMMENT '分类名称',
  PRIMARY KEY (`id`)
) ENGINE=InnoDB AUTO_INCREMENT=5 DEFAULT CHARSET=utf8 COMMENT='分类表';

/*Data for the table `tb_category` */

insert  into `tb_category`(`id`,`name`) values 
(1,'测试'),
(2,'随笔'),
(3,'心情'),
(4,'springboot');

/*Table structure for table `tb_comment` */

DROP TABLE IF EXISTS `tb_comment`;

CREATE TABLE `tb_comment` (
  `id` bigint(20) NOT NULL AUTO_INCREMENT COMMENT 'ID',
  `article_id` bigint(20) DEFAULT NULL COMMENT '文章ID',
  `nickname` varchar(20) DEFAULT NULL COMMENT '给谁留言',
  `content` text COMMENT '留言内容',
  `email` varchar(100) DEFAULT NULL COMMENT '邮箱',
  `ip` varchar(20) DEFAULT NULL COMMENT 'IP地址',
  `device` varchar(100) DEFAULT NULL COMMENT '设备',
  `address` varchar(100) DEFAULT NULL COMMENT '地址',
  `create_time` datetime DEFAULT NULL COMMENT '留言时间',
  PRIMARY KEY (`id`)
) ENGINE=InnoDB AUTO_INCREMENT=6 DEFAULT CHARSET=utf8 COMMENT='评论表';

/*Data for the table `tb_comment` */

insert  into `tb_comment`(`id`,`article_id`,`nickname`,`content`,`email`,`ip`,`device`,`address`,`create_time`) values 
(1,13,'tycoding','测试留言','tytumo@163.com','172.0.0.1','Mac OS','北京市-海淀区','2020-06-27 16:25:42'),
(2,13,'test1','测试留言','test@163.com','172.0.0.1','Mac OS','北京市-海淀区','2020-06-27 16:56:19'),
(4,13,'1','sd','2','127.0.0.1','Chrome 8,Mac OS X','内网IP|0|0|内网IP|内网IP','2020-06-28 18:35:23'),
(5,13,'1','1','1','127.0.0.1','Chrome 8,Mac OS X','内网IP|0|0|内网IP|内网IP','2020-06-28 18:58:29');

/*Table structure for table `tb_link` */

DROP TABLE IF EXISTS `tb_link`;

CREATE TABLE `tb_link` (
  `id` bigint(20) NOT NULL AUTO_INCREMENT COMMENT '编号',
  `name` varchar(100) DEFAULT NULL COMMENT '连接名称',
  `url` varchar(200) DEFAULT NULL COMMENT '连接URL',
  PRIMARY KEY (`id`)
) ENGINE=InnoDB AUTO_INCREMENT=3 DEFAULT CHARSET=utf8 COMMENT='友链表';

/*Data for the table `tb_link` */

insert  into `tb_link`(`id`,`name`,`url`) values 
(1,'Blog','http://tycoding.cn'),
(2,'Github','https://github.com/tycoding');

/*Table structure for table `tb_log` */

DROP TABLE IF EXISTS `tb_log`;

CREATE TABLE `tb_log` (
  `id` bigint(20) NOT NULL AUTO_INCREMENT COMMENT '编号',
  `username` varchar(20) DEFAULT NULL COMMENT '操作用户',
  `operation` varchar(20) DEFAULT NULL COMMENT '操作描述',
  `time` bigint(20) DEFAULT NULL COMMENT '耗时(毫秒)',
  `method` varchar(100) DEFAULT NULL COMMENT '操作方法',
  `params` varchar(255) DEFAULT NULL COMMENT '操作参数',
  `ip` varchar(20) DEFAULT NULL COMMENT 'IP地址',
  `create_time` datetime DEFAULT NULL COMMENT '操作时间',
  `location` varchar(20) DEFAULT NULL COMMENT '操作地点',
  PRIMARY KEY (`id`)
) ENGINE=InnoDB AUTO_INCREMENT=89 DEFAULT CHARSET=utf8 COMMENT='系统日志表';

/*Data for the table `tb_log` */

insert  into `tb_log`(`id`,`username`,`operation`,`time`,`method`,`params`,`ip`,`create_time`,`location`) values 
(87,'tycoding','新增文章',1,'cn.tycoding.biz.controller.ArticleController.add()',' sysArticle\"SysArticle(id=14, title=1, author=tycoding, des=1, content=1, create...','127.0.0.1','2020-06-28 23:07:41','内网IP|0|0|内网IP|内网IP'),
(88,'tycoding','更新文章',1,'cn.tycoding.biz.controller.ArticleController.update()',' sysArticle\"SysArticle(id=14, title=123, author=tycoding, des=1, content=1, crea...','127.0.0.1','2020-06-28 23:07:55','内网IP|0|0|内网IP|内网IP');

/*Table structure for table `tb_login_log` */

DROP TABLE IF EXISTS `tb_login_log`;

CREATE TABLE `tb_login_log` (
  `id` bigint(20) NOT NULL AUTO_INCREMENT COMMENT '编号',
  `username` varchar(20) DEFAULT NULL COMMENT '用户名',
  `ip` varchar(20) DEFAULT NULL COMMENT 'IP地址',
  `location` varchar(255) DEFAULT NULL COMMENT '登录地点',
  `create_time` datetime DEFAULT NULL COMMENT '登录时间',
  `device` varchar(255) DEFAULT NULL COMMENT '登录设备',
  PRIMARY KEY (`id`)
) ENGINE=InnoDB AUTO_INCREMENT=3 DEFAULT CHARSET=utf8;

/*Data for the table `tb_login_log` */

insert  into `tb_login_log`(`id`,`username`,`ip`,`location`,`create_time`,`device`) values 
(1,'tycoding','127.0.0.1','内网IP|0|0|内网IP|内网IP','2020-06-28 21:13:18','Chrome 8 -- Mac OS X'),
(2,'tycoding','127.0.0.1','内网IP|0|0|内网IP|内网IP','2020-06-28 21:17:13','Chrome 8 -- Mac OS X');

/*Table structure for table `tb_tag` */

DROP TABLE IF EXISTS `tb_tag`;

CREATE TABLE `tb_tag` (
  `id` bigint(20) NOT NULL AUTO_INCREMENT COMMENT '编号',
  `name` varchar(100) DEFAULT NULL COMMENT '标签名称',
  PRIMARY KEY (`id`)
) ENGINE=InnoDB AUTO_INCREMENT=5 DEFAULT CHARSET=utf8 COMMENT='标签表';

/*Data for the table `tb_tag` */

insert  into `tb_tag`(`id`,`name`) values 
(1,'随笔'),
(4,'测试');

/*Table structure for table `tb_user` */

DROP TABLE IF EXISTS `tb_user`;

CREATE TABLE `tb_user` (
  `id` bigint(20) NOT NULL AUTO_INCREMENT COMMENT '编号',
  `username` varchar(100) NOT NULL COMMENT '用户名',
  `password` varchar(100) NOT NULL COMMENT '密码',
  `avatar` varchar(200) DEFAULT NULL COMMENT '头像',
  `email` varchar(255) DEFAULT NULL COMMENT '邮箱',
  `des` varchar(100) DEFAULT NULL COMMENT '介绍',
  `create_time` datetime DEFAULT NULL COMMENT '创建时间',
  PRIMARY KEY (`id`)
) ENGINE=InnoDB AUTO_INCREMENT=5 DEFAULT CHARSET=utf8 COMMENT='用户表';

/*Data for the table `tb_user` */

insert  into `tb_user`(`id`,`username`,`password`,`avatar`,`email`,`des`,`create_time`) values 
(1,'tycoding','c82a27d50dd5f3a536c85211cc7f2346','/img/avatar/20180414165815.jpg','tytumo@163.com','兴趣使然的Coder','2020-06-27 16:55:05'),
(2,'test','d256d670b614b1f54cecfb3874c025f1','/img/avatar/20180414165815.jpg',NULL,NULL,'2020-06-26 16:55:08'),
(3,'test2','d256d670b614b1f54cecfb3874c025f1','/img/avatar/20180414165815.jpg','12tycoding@11.com',NULL,'2020-06-27 16:55:13'),
(4,'123','d256d670b614b1f54cecfb3874c025f1','/img/avatar/20180414165815.jpg','123@11.com',NULL,'2020-06-27 16:55:13');

/*Table structure for table `users` */

DROP TABLE IF EXISTS `users`;

CREATE TABLE `users` (
  `uid` varchar(222) NOT NULL,
  `uname` varchar(222) DEFAULT NULL,
  `uage` varchar(222) DEFAULT NULL,
  PRIMARY KEY (`uid`)
) ENGINE=InnoDB DEFAULT CHARSET=utf8;

/*Data for the table `users` */

insert  into `users`(`uid`,`uname`,`uage`) values 
('1','dd','43'),
('123465','刘亦菲','33'),
('d','d','d'),
('das','harmony','12'),
('dsad','dsad','dsad');

/*Table structure for table `word` */

DROP TABLE IF EXISTS `word`;

CREATE TABLE `word` (
  `wid` int(10) NOT NULL AUTO_INCREMENT,
  `wname` varchar(50) NOT NULL,
  `wmeaning` varchar(50) DEFAULT NULL,
  `wbuchong` varchar(255) DEFAULT NULL,
  PRIMARY KEY (`wname`),
  KEY `id` (`wid`)
) ENGINE=InnoDB AUTO_INCREMENT=892 DEFAULT CHARSET=utf8;

/*Data for the table `word` */

insert  into `word`(`wid`,`wname`,`wmeaning`,`wbuchong`) values 
(1,'abnormal',' a.异常','（normal 正常 norm标准）\n'),
(2,'abolish','v.废除，取消','（establish v.建立）\n'),
(3,'abort','v.夭折，中止','（born 生育）\n'),
(5,'absurd','a.荒谬','（sound a.合理的）\n'),
(6,'abundant',' a.丰富','（abound v.丰富，大量）\n'),
(7,'accelerate','v.加快','（celer-词根：速度 excellent 卓越）\n'),
(8,'accept','v.接受\n',' '),
(9,'access','n.入口；访问通道，存取','（exit n.出口）\n'),
(10,'accessible','a.容易接近的','（access n.入口）\n'),
(11,'accessory',' n.附件，同谋','（access v.靠近）\n'),
(12,'accommodation','n.住宿供应','（accommodate v.提供住宿，容纳 commodious a.宽敞的 wide a.宽的）\n'),
(13,'accord','v.根据，符合','（according to..根据）\n'),
(14,'accordance','n.按照，复合','（accord v.根据，符合）\n'),
(15,'account','n.帐户 v.报账，解释','（count v.数，计算）\n'),
(16,'accumulate','v.累积','（无解）\n'),
(17,'accustom',' v.使习惯','（custom n.习惯 used to 过去常常）\n'),
(18,'achieve','v.完成，实现','（chief n.首领）\n'),
(20,'acknowledge','v.承认','（knowledge n.知识）\n'),
(19,'acknowledgement','n.承认；承认书','（acknowledge承认）\n'),
(21,'acute','a.急性的，敏锐的','（Ac-词根：尖）\n'),
(22,'address','n.地址 v.引导；处理，解决','（）\n'),
(23,'adequate',' a.充足的，足够的','（equal a.相等的）\n'),
(24,'adhere','v.坚持；遵守','（her-词根：黏贴）\n'),
(25,'administer','n.管理','（minister n.大臣，部长 mini-前缀：小）\n'),
(26,'advocate',' v.提倡，鼓吹，主张','（voc-voice n.声音）\n'),
(27,'aerospace','a.航天的，太空的','（air 空中，space 空间）\n'),
(28,'affection',' n.感情，爱','（affect v.影响，感动）\n'),
(29,'affiliate','n.子公司 v.使隶属','（fili-词根：子 filial a.子女的）\n'),
(30,'afford','v.买得起，负担得起','（“莪负担~”）\n'),
(31,'agenda','n.议事议程，待办事项','（act v.做，行动）\n'),
(32,'aggressive','a.有上进心的，有侵略性的','（progress n.进步）\n'),
(33,'alert',' a.警惕的 n.提醒','（alarm n.警报 all 全体 arm武器）\n'),
(34,'alien',' n.外星人，外侨 a.外来的','（Ali 阿里巴巴）\n'),
(35,'allege','v.指控，断言','（lege-词根：说 lecture n.讲座）\n'),
(36,'alleviate','v.减轻，缓和','（lever n.杠杆）\n'),
(37,'alliance','n.联盟','（ally v.联盟 all n.所有人）\n'),
(38,'allowance','n.津贴','（allow v.允许；给予）\n'),
(39,'alone','adv.单独，独自','（all 所有人 one 一个）\n'),
(40,'alter',' v.改变','（ALT.） \n'),
(41,'alternate','v.轮流，交替','（alter v.变更 turn v.轮）\n'),
(42,'alternative','a.可供选择','（替代）的 n.替代物\n'),
(44,'ambiguity','n.歧义','（ity）\n'),
(43,'ambiguous','a.模棱两可的，暧昧','（bi-前缀：两 “暧昧”）\n'),
(45,'ambition','n.野心，志向','（“俺必胜”）\n'),
(46,'ambitious','a.雄心勃勃的','（ious）\n'),
(47,'amend','v.修改','（mend v.修理）\n'),
(48,'analogy','n.类比，比喻','（logic n.逻辑）\n'),
(49,'announce','v.宣布，公布','（nounce-词根：知道 know）\n'),
(50,'anticipate','v.预料','（anti-前缀：前，cip-词根：拿）\n'),
(51,'anxiety','n.焦虑','（anxious a.焦急的 “俺渴死”）\n'),
(52,'appearance','n.外貌','（appear v.显现）\n'),
(53,'appliance',' n.器具','（apply v.应用 APP.）\n'),
(54,'applied','a.应用的，实用的\n',' '),
(55,'appraise',' v.评价','（praise v.表扬）\n'),
(56,'appropriate','a.适当','（proper a.恰当的）\n'),
(58,'appropriation','n.拨款','（ion-）\n'),
(59,'apt','a.适合的；易于','（appropriate 适当的）\n'),
(60,'arbitrary',' a.任意的','（arbiter n.仲裁人 Hammurabi Code）\n'),
(61,'array','v.列阵 n.阵列','（ray n.线，排 arrange v.排列）\n'),
(62,'arrogance','n.傲慢','（哎呦！干死！ arrogant a.傲慢的）\n'),
(63,'articulate',' v.阐明','（article n.文章）\n'),
(64,'ascend','v.上升','（descend v.下降）\n'),
(65,'ascertain',' v.确定，查明','（certain a.确定的）\n'),
(66,'ascribe','v.归咎于，归因于','（scribe-词根：写 rub v.擦）\n'),
(67,'assemble',' v.聚集，集合','（same a.相同的）\n'),
(68,'assertive','a.张扬的，武断的','（insert v.插入）\n'),
(69,'asset','n.资产','（set v.设置 “置业”）\n'),
(70,'assign','v.分配','（sign n.记号，符号 resign v.辞职 ）\n'),
(71,'assist','v.协助','（assistant n.助理）\n'),
(72,'assurance','n.保证','（assure v.保证）\n'),
(73,'astronomer','n.天文学家','（astro-star nom-name）\n'),
(74,'athletic','a.运动员的，强壮的','（athlete n.运动员 “爱死你”）\n'),
(75,'attach','v.系上，附上','（tach-词根：系 tight a.紧的）\n'),
(76,'attendant',' n.服务员','（attend v.照顾，照料 tend v.伸向，倾向）\n'),
(77,'attitude','n.态度','（“态度”）\n'),
(78,'attribute',' v.归属于 n.属性','（tribute n.贡品 tri-三 put 放）\n'),
(79,'authentic',' a.真实的，可信的','（authority n.权威，威信 author n.作者，创始人）\n'),
(80,'authorize','v.授权','（authority n.权威）\n'),
(81,'avail',' v.有用，有益；利用','（value n.价值）\n'),
(83,'availability','n.可用性','（ity-属性）\n'),
(82,'available','a.可用到的','（able）\n'),
(84,'awkward',' a.笨拙的，尴尬的，不好用的','（“拗口的”）\n'),
(85,'baffle','v.使困惑，使难道','（“拜服”）\n'),
(86,'bald',' a.秃的','（ball n.球）\n'),
(87,'bankruptcy','n.破产','（rupt-词根：破）\n'),
(88,'barren','a.荒芜的，贫瘠的','（bare a.赤裸的）\n'),
(89,'behalf','v.代表…的利益','（half 一半）\n'),
(90,'behavior',' n.行为','（behave v.行为behave yourself! ）\n'),
(91,'behavioral','a.行为的','（al-）\n'),
(92,'best-seller','n.畅销书','（sell v.销售）\n'),
(93,'bewilder',' v.困惑','（wild a.狂野的 n.野外 mild a.温和的）\n'),
(94,'billionaire','n.亿万富翁','（millionaire 百万富豪）\n'),
(95,'blame','v.责备','（shame n.羞耻 “不要脸么？”）\n'),
(96,'bloodshed','n.','（战争等）流血'),
(97,'blunder',' n.大错','（blind a.瞎）\n'),
(98,'boiler','n.锅炉','（boil v.煮，煮沸）\n'),
(99,'boom','n./v.繁荣，昌盛，隆隆声','（拟）\n'),
(100,'boring','a.无聊','（拟）\n'),
(101,'bound','a.绑缚的 n.界','（“绑的”）\n'),
(102,'breakthrough',' n.突破\n',' '),
(103,'breed','n.品种 v.繁殖','（bleed 流血 breed 繁殖 feed喂养）\n'),
(104,'brighten',' v.变亮','（bright a.明亮的）\n'),
(105,'brilliant','a.辉煌的，才华横溢的','（bright a.明亮的 “亮堂”）\n'),
(106,'brisk',' a.轻快的，活泼的','（fresh a.清新的）\n'),
(107,'budget','n.预算','（bag n.包，钱包 get v.得到）\n'),
(108,'bulk',' n.巨大的体积，大部分','（拟）\n'),
(109,'bump','v.撞','（拟）\n'),
(110,'cabinet','n.橱柜，内阁','（cabin n.船舱，小木屋）\n'),
(111,'candidate',' n.候选人，报考者','（candy 糖果 candle 蜡烛）\n'),
(112,'capacity','n.容量；能力','（cap帽子 city n.城市）\n'),
(113,'capsule','n.胶囊；太空舱','（caps帽子 “塑料”）\n'),
(114,'career','n.经历，职业生涯','（car车）\n'),
(115,'carefree','a.快乐的，畅快的，无忧无虑的','（care关心）\n'),
(116,'certify','v.证明，证实','（certain a.确定的）\n'),
(117,'challenge',' v.挑战；质疑','（）\n'),
(118,'cherish','v.珍视，珍爱；怀有希望','（cherry n.樱桃；处女膜）\n'),
(119,'chip',' n.土豆片，芯片','（“chi芯p片”）\n'),
(120,'chronic','a.慢性的 n.慢性病','（chron-词根：时间）\n'),
(121,'circuit','n.电路，线路 v. 巡回，周游','（circle n.圆圈 it-词根：走 exit）\n'),
(122,'circulation','n.循环；发行量\n',' '),
(123,'citizenship','n.公民权，公民权利','（citizen n.市民 ship-身份）\n'),
(124,'claim','n./v.声称，要求','（scream v.尖叫）\n'),
(125,'clash','v.碰撞，冲突','（“拟” collision）\n'),
(126,'coarse','a.粗糙的，粗俗的','（“抠耳屎”）\n'),
(127,'coincide',' v.二者重合，二者巧合','（incident n.事件）\n'),
(128,'coincidence','n.巧合','（ence）\n'),
(129,'collaboration','n.合作','（labor v.劳动）\n'),
(130,'collapse','v.崩溃，坍塌','（“跨拉，噗呲”）\n'),
(131,'collide','v.碰撞','（collision n.碰撞 clash v.碰撞）\n'),
(132,'combat','n.格斗，斗争','（bat n.木棒，球拍）\n'),
(133,'combine',' v.结合','（bind v.绑，缚 binding n.绑定）\n'),
(134,'commemorate',' v.纪念','（memory n.记忆）\n'),
(135,'comment',' n.评论，意见 v.评论','（mental a.精神的）\n'),
(136,'commission','n.委托，佣金','（mission n.使命）\n'),
(137,'commitment','n.承诺','（commission n.委托）\n'),
(138,'commonplace',' n.平凡','（common a.公共的）\n'),
(139,'compact',' a.紧凑的，紧密的 v.压紧','（pat 拍）\n'),
(140,'compatible','a.兼容的','（“合拍的”）\n'),
(141,'compel','v.强迫','（pel-词根：推）\n'),
(142,'compensate','v.赔偿，补偿','（pens-词根：钱 pence 便士）\n'),
(143,'compensation',' n.赔偿','（ion-）\n'),
(144,'competitive','a.竞争的','（compete v.竞争）\n'),
(145,'competitor','n.竞争者','（or-）\n'),
(146,'complement','n.补充 v.补足','（complete  a.完整）\n'),
(147,'complicated','a.错综复杂的','（complex a.复杂的 x-）\n'),
(148,'compliment','n.称赞','（comply v.遵守 comment n.评论）\n'),
(149,'composer','n.作曲家','（compose v.组成；作文，作曲）\n'),
(150,'comprehension','n.理解；包含','（）\n'),
(151,'comprehensive','a.包罗万象的','（ive）\n'),
(152,'compress',' v.压缩','（press v.压，按 push v.推）\n'),
(153,'comprise','v.包括','（comprehension n.理解；包含）\n'),
(154,'compulsory','a.义务的，必须的','（compel v.强迫）\n'),
(155,'computerize','v.电脑化，用电脑管理','（computer n.计算机）\n'),
(156,'conceal','v.隐瞒','（reveal v.揭露）\n'),
(157,'conceive','v.受精，怀孕；构思','（ceive-词根：拿 “啃媳妇”） \n'),
(158,'concentrate','v.集中','（center n.中心）\n'),
(159,'conception','n.概念','（conceive v.构思）\n'),
(160,'concern','v.关心 n.所关心的事','（）\n'),
(161,'concise','a.简洁的','（cise-词根：切 scissors n.剪刀）\n'),
(162,'conclusion','n.结论','（conclude v.作出结论）\n'),
(163,'condemn',' v.谴责','（damn v.诅咒 “大骂你”）\n'),
(164,'condense',' v.凝结，冷凝','（dense a.密集的 tense a.紧绷的）\n'),
(165,'conduct','v.操作，进行 n.行为','（）\n'),
(166,'confidential','a.机密的，秘密的','（confidence n.秘密）\n'),
(167,'configuration','n.外型，外貌，轮廓','（configurate v.使形成 figure n.轮廓，外形）\n'),
(168,'confine','v.局限，限制','（final a.最终的 finish v.完成）\n'),
(169,'confirm','v.客观确认','（affirm v.主观确定 firm a.坚固的，结实的）\n'),
(170,'conform','v.符合','（form n.形状，形式）\n'),
(171,'conformity','n.一致性','（ity-）\n'),
(172,'confront','v.面对','（front n.前面）\n'),
(173,'confrontation',' n.对抗','（ation-）\n'),
(174,'Confucian','n.孔夫子，儒家','（confuse v.迷惑）\n'),
(175,'congressman','n.国会议员','（congress v.国会）\n'),
(176,'consent','v.同意，同感','（sent-词根：感觉 sense）\n'),
(177,'consequently','adv.所以','（consequence n.结果）\n'),
(178,'conservation','n.保护','（conserve v.保存，保守 serve-save）\n'),
(179,'conservative','a.保守的','（ive-的）\n'),
(180,'considerable',' a.可观的，值得考虑的','（consider v.考虑）\n'),
(181,'considerate','a.考虑周到的，体贴的','（consider v.考虑）\n'),
(182,'consist','v.组成；由组成；存在于','（sist-词根：站）\n'),
(183,'consistent','a.前后一致的','（sist-词根：站）\n'),
(184,'conspicuous','a.显着','（spic-spect-词根：看）\n'),
(185,'constant','n.常数 a.恒定的','（instant a.瞬间的）\n'),
(186,'constitute','v.构成','（stit-词根：站 stand）\n'),
(187,'constitution','n.制定；宪法；体格','（ion）\n'),
(188,'constrain',' v.限制','（strain v.拉紧，扯紧）\n'),
(189,'consultancy','n.顾问工作','（consult v.咨询）\n'),
(190,'consultant','n.顾问','（consult v.咨询）\n'),
(191,'consumption','n.消费','（consume v.消费，消耗）\n'),
(192,'contaminate','v.污染，弄脏','（contact 接触 “埋汰了”）\n'),
(193,'contemplate','v.沉思','（temple n.寺庙 temper n.脾气）\n'),
(194,'contest','n.比赛','（test 考试 ）\n'),
(195,'context','n.上下文，背景','（text 文章）\n'),
(196,'contradiction','n.矛盾','（contra-前缀：相对 dict-词根:说）\n'),
(197,'contrary','a.相反','（contra-前缀：相对 ）\n'),
(198,'contrast','v.对比 ','（contra-前缀：相对 stand）\n'),
(199,'contribute','v.贡献','（tribute n.贡品 three put）\n'),
(200,'contrive','v.图谋，努力，设法','（try）\n'),
(201,'controversy','n.争议','（contro-前缀：相对 vers-词根：转）\n'),
(202,'convention','n.大会；公约；惯例','（vent-词根：来 went）\n'),
(203,'conventional','a.传统的，惯例的','（al  traditional ）\n'),
(204,'converge',' v.汇合','（verge-词根：转 diverge v.分歧 分叉）\n'),
(205,'convey','v.传递；传达；表达','（con-加强 way 路）\n'),
(206,'convince','v.说服','（confidence 信 win征服）\n'),
(207,'cooperation','n.合作','（operation n.合作 operate v.操作）\n'),
(208,'cope',' v.应付','（cope with 应对）\n'),
(209,'cord',' n.线','（core 核，心）\n'),
(210,'correlation','n.相互关系，相关(性)','（relation n.关系）\n'),
(211,'court','n.庭院，球场，法庭','（co-共同 yard 院子）\n'),
(212,'crash','v.碰撞；坠毁；暴跌','（拟）\n'),
(213,'credible','a.可信的','（credit card 信用卡）\n'),
(214,'criterion','n.','（批评判断的）标准'),
(215,'crucial','a.十字形的，关键的','（cross 十字）\n'),
(216,'crude','a.未加工的，粗糙的 n.原油','（rude a.粗鲁的）\n'),
(217,'cruise','v.巡航','（cross穿过 sea大海）\n'),
(218,'crush','v.挤碎，粉碎','（crash 撞碎）\n'),
(219,'cultural','a.文化的，文化上的','（culture n.文化）\n'),
(220,'cumulative','a.累积的','（cumulate v.积累accumulate v.积累）\n'),
(221,'current','a.当前的，流通的','（cur-词根：跑）\n'),
(222,'curse','v.诅咒','（“去死！” accuse v.谴责）\n'),
(223,'decay','v.腐败，衰变','（decade n.十年）\n'),
(224,'deceive','v.欺骗','（ceive-词根：拿、带）\n'),
(225,'decentralize','v.疏散，分散','（central 中心的）\n'),
(226,'decisive','a.决定性的','（decide）\n'),
(227,'decorate','v.装饰','（deck n.甲板，覆盖物 v.装饰）\n'),
(228,'dedicate','v.献身，奉献','（dick n.阴茎）\n'),
(229,'deduce','v.推断','（duce-词根：引导 educate 教育）\n'),
(230,'deem','v.认为','（estimate v.估计，认为）\n'),
(231,'defective',' a.有缺陷的','（defect n.缺点）\n'),
(232,'defend','v.捍卫，防御','（offend v.冒犯，进攻）\n'),
(233,'deficient','a.不足的','（defect ）\n'),
(234,'deficit','n.亏损，赤字','（profit n.利润）\n'),
(235,'defy',' v.违抗','（ify-动词后缀）\n'),
(236,'degrade','v.降级','（grade n.等级）\n'),
(237,'delegation','n.代表团','（leg n.腿 v.走）\n'),
(238,'deliberate','a.深思熟虑的，蓄意的，故意的','（considerate a.深思熟虑的，体贴的）\n'),
(239,'delicacy','n.美味','（delicious）\n'),
(240,'deliver','v.分娩，交付，递送','（life n.生命）\n'),
(241,'demanding','a.要求高的','（demand v.要求）\n'),
(242,'denial','n.拒绝','（deny 抵赖 否认）\n'),
(243,'depart','v.离开','（part 部分）\n'),
(244,'depict','v.描绘','（picture n.绘画）\n'),
(245,'deposit','v.存款','（pose-词根：放）\n'),
(246,'depress','v.压抑','（press 压）\n'),
(247,'deprive','v.剥夺','（private a.私人的）\n'),
(248,'deregulation','n.放松管制','（regulation n.管理）\n'),
(249,'derive','v.来源自，衍生自','（river n.河流 ）\n'),
(250,'descend','n.降落','（ascend v.上升）\n'),
(251,'destiny','n.命运','（destine v.注定  “死定”）\n'),
(252,'destruction','n.毁坏','（destroy v.摧毁）\n'),
(253,'destructive','a.破坏性的','（ive）\n'),
(254,'deteriorate','v.恶化','（拟）\n'),
(255,'deviate','v.偏离','（vi-way 路）\n'),
(256,'dictate','v.命令，口授，主宰','（dict-词根：说 dictionary）\n'),
(257,'differ','v.不同','（different）\n'),
(258,'diffuse','v.扩散','（confuse 混淆  fuse词根：流）\n'),
(259,'dilemma',' n.困境','（di-二  “来嚒~”）\n'),
(260,'dim',' a.暗淡','（“低迷”）\n'),
(261,'disaster','n.灾难','（star-ster “za-灾”）\n'),
(262,'disciplined','a.受过训练的,遵守纪律的','（discipline 纪律 cip拿 accept 接受）\n'),
(263,'discontent','v.不满','（content 内容 content满意的）\n'),
(264,'disease','n.疾病','（ease 舒适 easy 舒适的 容易的 ）\n'),
(265,'disguise','v.伪装','（guise n.外观 vise-词根：看 misguide）\n'),
(266,'disorder','n.紊乱','（order 秩序）\n'),
(267,'disperse','v.驱散','（sparse a.稀疏的  “似爸丝”）\n'),
(268,'dispose',' v.安排，部署；倾向','（pose-词根：放）\n'),
(269,'distinction','n.不同，区别','（distinct a.不同的 sting 刺）\n'),
(270,'distress','v.使痛苦，使苦恼 n.险境','（dis-分 strain 拉紧）\n'),
(271,'diversion',' n. 转向，改道','（ion）\n'),
(272,'divert','v.转移，改道','（di-二 vert-词根：转）\n'),
(273,'dominant',' a.支配的，主导的','（dome n.圆屋顶 D-△）\n'),
(274,'donation',' n.捐款，捐赠','（donate v.捐赠 “都你的！”）\n'),
(275,'doubtless',' adv.毫无疑问\n',' '),
(276,'drain','v.排水，排干','（drink rain）\n'),
(277,'dramatic','a.戏剧性的，重大的','（drama 戏剧）\n'),
(278,'drift',' v.漂浮，飘荡','（raft n.木筏）\n'),
(279,'due','a.应该的，应得的','（”对哦~”）\n'),
(280,'duplicate',' v.复制 n.复制品','（plic-plex-词根：叠 du-two）\n'),
(281,'dwell','v.居住','（well 井）\n'),
(282,'eccentric',' a.偏心的，偏离的','（center 中心）\n'),
(283,'edge',' n.边缘；刀刃；优势','（edge 6 edge 7）\n'),
(284,'efficiency',' n.效率','（efficient a.有效率的  effect n.效果）\n'),
(285,'eject',' v.弹出，射出','（erect v.勃起 r j ）\n'),
(286,'elaborate',' v.精心制作，详细阐述','（labor 劳动）\n'),
(287,'elapse','v.','（时光）流逝 '),
(288,'elegant','a.优雅的','（leg 腿）\n'),
(289,'elevate','v.提升','（lever 杠杆）\n'),
(290,'elicit',' v.抽出，引出','（lace n.蕾丝，系带）\n'),
(291,'eligible','a.合格的，合适的','（elect 选择）\n'),
(292,'embark','v. 上船，乘船；开始，从事\n',' '),
(293,'emergency','n.紧急情况','（emerge v.浮现 merge v.淹没）\n'),
(294,'emission',' v.排放，放射','（emit v.排放 mit-词根：扔、投）\n'),
(295,'empirical','a.经验主义的','（experiment practical 实践的）\n'),
(296,'encounter','v.遭遇，遇见','（counter adv.相对）\n'),
(297,'endanger',' v.危害','（danger n.危险）\n'),
(298,'endeavor',' v.努力','（dive v.投水，跳水 V-）\n'),
(299,'endow','v.捐赠，资助，赋予','（“人道”）\n'),
(300,'endure','v.忍受','（dur-词根：一段时间 during 在..期间）\n'),
(301,'enforce','v.执行，实施','（force n.力量）\n'),
(302,'enforcement','n.执行，强制','（ment）\n'),
(303,'enhance',' v.提高','（enlarge v.放大）\n'),
(304,'enlarge','v.放大','（large）\n'),
(305,'enrich','v.丰富','（rich）\n'),
(306,'enroll','v.招收，使入会','（roll v.卷 n.名册，名单）\n'),
(307,'ensure','v.确保','（sure a.确定的）\n'),
(308,'entertainment',' n.招待；娱乐','（enter tain-词根：拿）\n'),
(309,'enthusiastic','a.热情的，狂热的','（Zeus 宙斯，神）\n'),
(310,'entitle','v.赋予权利','（title n.名衔；权利）\n'),
(311,'entrepreneur','n.企业家','（enterprise n.企业心，事业心，上进心 enter  pre rise）\n'),
(312,'epidemic',' n.流行病，疫情','（epi-在中间 demos 人民 upon 在上面）\n'),
(313,'equivalent','a.等价的 n.同等物','（equal value） \n'),
(314,'erase','v.抹去，消磁','（razor n.剃刀 “锐着” scissors 剪刀）\n'),
(315,'erode','v.侵蚀，腐蚀','（rotten a.腐烂的）\n'),
(316,'essence','n.本质，精华','（ess-词根：是 is）\n'),
(317,'eternal','a.永恒的，不朽的','（terminal n.终点 e-外）\n'),
(318,'evoke','v.唤起','（voke-词根：喊 voice）\n'),
(319,'exceed','v.超过，超出','（ceed-词根：走）\n'),
(320,'exceptional','a.特殊的，特长的','（exception  n.例外）\n'),
(321,'excess','n.过剩 a.过量的','（cess-词根：走）\n'),
(322,'excessive',' a.过度的，极端的','（ive）\n'),
(323,'exclaim','v.惊呼','（scream v.尖叫）\n'),
(324,'exclude','v.排除','（clude-词根：关闭  close）\n'),
(325,'exclusive',' a.独家的','（close）\n'),
(326,'exclusively','adv.排他地，独有地\n',' '),
(327,'excursion',' n.远足','（curs-词根：跑 course n.过程 v.快跑）\n'),
(328,'exhaustion','n.衰竭','（exhaust v.使精疲力竭 “一个造死的”）\n'),
(329,'exhibit','v.展出','（hibit-词根：拿 inhibit v.抑制）\n'),
(330,'expectancy','n.期待','（expect v.期待）\n'),
(331,'expedition','n.远征，探险','（ped-词根：足 it-词根：走）\n'),
(332,'expel','v.驱逐','（pel-词根：推 palm掌）\n'),
(333,'expenditure','n.开支','（spend v.花费）\n'),
(334,'expire','v.断气；死亡，到期','（spire-词根：气 spirit精神）\n'),
(335,'explicit','a.明确的','（plic- plex-词根：叠）\n'),
(336,'exploit','v.开发，利用','（employ v.雇佣）\n'),
(337,'explore','v.探索','（Explorer n.浏览器 ）\n'),
(338,'exquisite','a.精美，精致的','（quest v.寻求 question 问题） \n'),
(339,'extend','v.延长','（tend v.伸向，趋向）\n'),
(341,'extinct','a.灭绝的','（）\n'),
(340,'extinguish','v.扑灭，使灭绝','（ting-“停”）\n'),
(342,'extract','v.提取','（tract-词根：拉扯）\n'),
(343,'extraordinary',' a.超常规的，非凡的','（extra-向外）\n'),
(344,'extravagant','a.奢华的，过分的','（vag-词根：走 way 路）\n'),
(345,'fabricate',' v.编造，制造','（fable n.寓言 ）\n'),
(346,'fabulous','a.神话般的','（fable n.寓言）\n'),
(347,'facet','n.小平面，一个方面','（et-小）\n'),
(348,'facial','a.面部的 n.美容','（face）\n'),
(349,'facilitate','n.便利','（facility n.）\n'),
(350,'faith',' n.信仰','（confidence 信心）\n'),
(351,'fake',' v.假冒，假装 n.赝品','（make）\n'),
(352,'falsehood',' n.错误；虚妄\n',' '),
(353,'fantastic',' a.奇妙的','（fantasy n.空想，幻想）\n'),
(354,'fascinate',' v.吸引，使着迷','（fans c-吸）\n'),
(355,'fashion','n.时尚，样子 v.制造','（）\n'),
(356,'fatal',' a.致命的','（vital a.生命的，重要的  fate）\n'),
(357,'fault','n.错误，故障','（false a.错的，假的）\n'),
(358,'feasible','a.可行的','（possible a.可能的）\n'),
(359,'feast','n.盛宴','（breakfast n.早餐）\n'),
(360,'feeble','a.无力的，虚弱的','（“菲薄”）\n'),
(361,'fiction','n.虚构小说','（fact n.事实）\n'),
(362,'file','n.文件；锉刀 ','（leaf）\n'),
(363,'finance','n.金融','（fine v.罚款 n.罚金）\n'),
(364,'flap','v.拍打','（clap 鼓掌）\n'),
(365,'flexible','a.灵活','（”细脖子”）\n'),
(366,'flip','v.轻弹，翻','（拟）\n'),
(367,'fluctuate',' v.波动，起伏','（flow water ate）\n'),
(368,'flush',' v.刷新，冲洗','（flow rush v.冲）\n'),
(369,'foresee','v.预知','（before fore 前）\n'),
(370,'forestry','n.林业','（industry n.工业 ancestry n.祖先总称）\n'),
(371,'formal','a.形式上的；正式的','（form n.形状，形式）\n'),
(372,'format','n.格式','（form n.形式）\n'),
(373,'fortune','n.运气；财富','（“发财”）\n'),
(374,'fraction','n.小部分；分数','（frac-词根：破 break）\n'),
(375,'fragile','a.易碎的，脆弱','（frag-词根：破 break）\n'),
(376,'fraud','n.骗子；骗局','（friend n.朋友）\n'),
(377,'friction','n.摩擦','（）\n'),
(378,'frontier','n.边疆，前线','（front）\n'),
(379,'funding','v.为..提供资金','（fund n.资金，基金 foundation n.基础；基金）\n'),
(380,'furnish','v.提供，装配','（furniture n.家具）\n'),
(381,'fuse',' v.融合 n.保险丝','（拟）\n'),
(382,'galaxy','n.星系，银河','（星x系y银河）\n'),
(383,'gamble','n.赌博','（game table）\n'),
(384,'gaze',' v.凝视','（gay）\n'),
(385,'gear',' n.齿轮 v.适合','（）\n'),
(386,'generalize','v.概括','（general a.普遍的； 大众的）\n'),
(387,'generate',' v.产生','（gene 基因 gen-词根：生）\n'),
(388,'generosity','n.慷慨','（generous a.慷慨的 “钱多的要死”）\n'),
(389,'genetic','a.遗传的','（gene n.基因）\n'),
(390,'gentle','a.温和的','（gentleman n.绅士 ）\n'),
(391,'genuine','a.真正的','（gen-词根：生 “真”）\n'),
(392,'glance','n.一瞥','（拟）\n'),
(393,'glare','v.强光；怒目而视','（“个亮啊！”）\n'),
(394,'glide',' v.滑翔','（slide v.滑下）\n'),
(395,'gloomy','a.阴沉的','（glow v.发光）\n'),
(396,'glow',' v.发光 n.辉光\n',' '),
(397,'gossip','n.闲话，闲言碎语','（拟 《gossip girl》）\n'),
(398,'grant','v.授予；准予 n.助学金，授予物','（guarantee v.担保 guard n.保安）\n'),
(399,'grief',' n.悲伤','（grieve v.悲伤 grave n.坟墓）\n'),
(400,'gross','a.毛的，粗略的','（GDP gross domestic product grass 草）\n'),
(401,'guarantee','v.保证，担保','（guard n.保安 v.保卫）\n'),
(402,'guilt',' n.有罪，有愧','（gui-鬼 拟）\n'),
(403,'hamper','n.有盖篮子 v.阻碍','（）\n'),
(404,'harmonious','a.和谐的','（harmony n.和睦，和谐；和声）\n'),
(405,'hatch','n.舱口，舱盖 v.孵化','（hat 帽子）\n'),
(406,'haul',' v.拖拉 n.一网鱼','（拟）\n'),
(407,'haunt','v.鬼神出没 n.常去指出','（“何仙姑”）\n'),
(408,'hazardous','v.危险的,危害的','（hazard n.危险，公害 “害着的”）\n'),
(409,'heave','v.举','（heavy a.重的）\n'),
(410,'highlight','v.突出','（high a.强的）\n'),
(411,'historical',' a.历史的','（history n.历史）\n'),
(412,'hoist',' v.升起，吊起，推起','（highest 最高）\n'),
(413,'homogeneous',' a.同质的','（homo-前缀：同 gene基因）\n'),
(414,'hospitality','n.好客，热情','（hospital n.医院）\n'),
(415,'hostile','a.敌对的','（host主人 tile n.瓦片，瓷砖 file n.文件）\n'),
(416,'humane',' a.人道的','（human 人）\n'),
(417,'humanity',' n.人类','（ity）\n'),
(418,'humble','a.卑下的，谦逊的','（“哈巴狗”）\n'),
(419,'hurl',' v.投，猛掷','（“拟”）\n'),
(420,'hypothesis','v.假说','（hypo-前缀：下 super 上 thesis n.理论）\n'),
(421,'identical',' a.相同','（ident-词根：相同）\n'),
(422,'identify','v.识别','（identity n.身份 id card）\n'),
(423,'ignite','v.点燃','（night n.夜晚 ig）\n'),
(424,'illuminate','v.照亮','（lumen n.流明）\n'),
(426,'imaginary','a.假想的，虚构的','（imagine v.想象）\n'),
(425,'imagination','n.想像力','（ation）\n'),
(427,'imaginative','a.富于想象的，有想象力的','（active 活跃的）\n'),
(428,'immerse','v.浸泡','（merge v.没入）\n'),
(430,'immune','a.免疫的','（“免~疫~”）\n'),
(431,'impart','v.传授,赋予,告知','（part n.部分 v.）\n'),
(432,'imperative','a.命令的，迫切的','（emperor n.君主 “安排or”）\n'),
(433,'imply','v.暗示','（implication n.含义，暗示）\n'),
(434,'impose','v.强加；征税','（im-in pose-词根：放）\n'),
(435,'impractical','a.不切实际','（practical a.实际的）\n'),
(436,'impress','v.使印象深刻','（press v.压）\n'),
(437,'impression','n.印象','（ion）\n'),
(438,'impulse','n.冲动','（pulse n.脉搏 push 推）\n'),
(439,'inadequate','a.不足','（adequate 足够的）\n'),
(440,'incentive','a.刺激的 n.激励，诱因','（cent n.美分）\n'),
(441,'incidence',' n.发生率，影响范围','（incident n.事件）\n'),
(442,'incidental','n. 附带发生的事 a.附带发送的','（incident n.事件）\n'),
(443,'incline','v.倾斜','（lean v.倾斜，倚靠）\n'),
(444,'incompatible','a.不相容','（compatible a.兼容的 “合拍的”）\n'),
(445,'indicative',' a.指示的，指明的','（index n.索引 indicate v.指出 ）\n'),
(446,'indifferent','a.冷漠的','（in-否定）\n'),
(447,'indignant',' a.愤慨的','（ in dig挖 “男的”）\n'),
(448,'indispensable','a.不可缺少','（dispensable可有可无的 pence 便士）\n'),
(449,'induce','v.引导，诱导','（duce-词根：引导 educate v.教育）\n'),
(429,'indulge','v.放纵，沉溺','（immerse v.浸没）\n'),
(450,'inevitable',' a.必然','（evade v.逃避 way 路） \n'),
(451,'infectious',' a.传染','（病）的'),
(452,'inferior','a.劣势','（superior a.主要的）\n'),
(453,'influence',' n.影响力，势力','（flow）\n'),
(454,'influential','a.有影响力的 n.有影响力的人','（ial）\n'),
(455,'inform','v.通知','（information 信息）\n'),
(456,'infringe','v.侵犯','（fringe n.流苏，缘饰 ring n.环）\n'),
(457,'ingenious','a.巧妙的，独创性的','（genius 天才）\n'),
(459,'inherent',' a.固有的 ','（ent-的）\n'),
(458,'inherit','v.继承','（heir n.继承人，后嗣 “爱儿”）\n'),
(460,'initiate','v.开始','（it-词根：最  exit）\n'),
(461,'injury','n.受伤','（injure v.刺伤，伤害  “蛰”）\n'),
(462,'inquiry','v.查询，询问','（question n.问题）\n'),
(463,'insane','a.不明智的，疯狂的','（sane a.明智的 saint 圣徒）\n'),
(464,'insight','n.洞察','（sight 看）\n'),
(466,'inspiration','n.灵感','（ation）\n'),
(465,'inspire','v.启发，鼓励','（spirit 精神）\n'),
(467,'installation','n.安装，使就职','（stalk n.茎 stake n.桩）\n'),
(468,'installment','n.分期付款','（payment 支付）\n'),
(469,'instantaneous','a.瞬间','（instant a.瞬间的 stand）\n'),
(470,'instinct','n.本能','（sting 刺）\n'),
(471,'institutional','a.制度的，由来已久的','（institution 机构，制度 institute 建立 设立  stit-stand）\n'),
(472,'integral','a.完整的 n.整体，积分','（integ-intact 完整的）\n'),
(473,'intelligence','n.智慧；情报','（intel 英特尔）\n'),
(474,'intelligible','a.可理解的','（intelligent 智慧的 able –可）\n'),
(475,'intensify','v.加强，使强烈','（intense a.强烈的，热情的 tense a.紧绷的）\n'),
(476,'intensity','n.强度','（ity）\n'),
(477,'intensive','a.密集的，集中的','（ive-）\n'),
(478,'intent','n.意图','（intend v.企图）\n'),
(479,'interfere','v.干扰','（fer-词根：带  offer v.提供 of-out）\n'),
(480,'interior','a.室内的','（enter）\n'),
(481,'internal','a.内部的，国内的','（enter international国际的）\n'),
(482,'interpretation','n.解释','（interpret v.翻译，阐释）\n'),
(483,'intervene',' v.干预','（ven-词根：来 vent）\n'),
(484,'intimidate','v.恐吓','（timid a.胆怯的  拟）\n'),
(485,'intricate','a.错综复杂','（trick v.欺骗 n.骗局，花招）\n'),
(486,'intuition','n.直觉','（tuit-词根：学 tutor 家庭教师）\n'),
(487,'invalid','a.无效的','（valid a.有法律效力的）\n'),
(488,'invariably',' adv.总是','（variable 可变的 vary v.变化 ）\n'),
(489,'investigator','n.调查者，研究者','（investigate v.调查，研究）\n'),
(490,'investor','n.投资者','（invest v.给…穿衣服，投资 vest马甲） \n'),
(491,'invisible','a.无形','（visible a.看得见的）\n'),
(492,'involved','a.复杂难懂的','（involve v.包含，卷入）\n'),
(493,'irrational','a.不合理的','（rational a.理性的 reasonal合理的）\n'),
(494,'irritate','v.刺激，激怒','（rage n.愤怒）\n'),
(495,'jail','n.监狱','（gaol n.监狱 ）\n'),
(496,'jerk','v.急拉，猛扯','（拟）\n'),
(497,'junction','n.交界处','（conjunction n.连接；连词 connection n.）\n'),
(498,'justification','n.理由','（justify v.证明..正当 just 合理的）\n'),
(499,'knowledgeable','a.知识渊博的','（）\n'),
(500,'lag','v.落后于','（relax v.放松）\n'),
(501,'landscape','n.景观','（shape n.形状）\n'),
(502,'launch','v.发射火箭，发起','（lance n.长矛 v.用长矛刺戳）\n'),
(503,'lawsuit','n.法律诉讼','（sue v.起诉 suit n.诉讼）\n'),
(504,'leaflet','n.小叶，传单','（let-后缀：小）\n'),
(505,'lease','v.租，租出；租借 n.租赁','（loose v.松开）\n'),
(506,'left-wing','a.左翼的','（） \n'),
(507,'legislation','n.立法','（legislate v.立法 “late”-“立” legal）\n'),
(508,'legislator','n.立法者，立委','（or）\n'),
(509,'lengthy','a.冗长','（length n.长度）\n'),
(510,'liability','n.责任','（liable a.有责任的 “赖”）\n'),
(511,'liberal','a.自由的 n.自由主义者','（liber-词根：自由）\n'),
(512,'linear','a.线的，直线的','（line ）\n'),
(513,'linger','v.徘徊，逗留，拖延','（longer ）\n'),
(514,'literal','a.文字的，字面的，事实的','（letter n.文字）\n'),
(515,'literary','a.文学的','（letter）\n'),
(516,'literate','a.认字的','（letter）\n'),
(517,'locate','v.定位','（loc-词根：）\n'),
(518,'location','n.位置','（local a.地方的）\n'),
(519,'loyalty','n.忠诚','（loyal n.臣民 a.忠诚的 royal n.皇室成员）\n'),
(520,'luminous',' a.发光的','（lumen n.流明）\n'),
(521,'luxury','a.奢华的 ','（xu-“奢” Lux）\n'),
(522,'magnificent','a.宏大的，壮丽的','（magn-词根:大，max最大 magnify v.放大）\n'),
(523,'mainstream','n.主流','（stream n.小溪，水流）\n'),
(524,'maintain',' v.维护，维持','（tain-词根：拿）\n'),
(525,'malpractice','n.不法行为，玩忽职守','（mal-词根：坏 male）\n'),
(526,'manifest','a.明白的，明显的 n.清单','（）\n'),
(527,'manipulate','v.操纵','（manual a.手的 n.手册 menu 菜单 pull拉扯）\n'),
(528,'manufacture','n.制造，手工制造业','（manual a.手的 fact-）\n'),
(529,'massive','a.大规模','（massvn.群众，大量）\n'),
(530,'master','n.主人，硕士，大师','（mister n.先生）\n'),
(531,'mastery','n.掌握，精通','（y）\n'),
(532,'match','n.比赛 v.匹配','（“同一重量级”）\n'),
(533,'means','n.手段','（method n.方法）\n'),
(534,'mechanism','n.机制','（machine n.机器）\n'),
(535,'mediate','v.调解','（media n.媒体）\n'),
(536,'medicare',' n.医疗保险','（medicine care）\n'),
(537,'melt',' v.融化 ','（没有它）\n'),
(538,'merge','v.合并','（“没之”）\n'),
(539,'mess','v .混乱','（miss v.错过）\n'),
(540,'methodology','n.一套方法，方法学','（ology 学说）\n'),
(541,'middle-class','n.中产阶级','（）\n'),
(542,'migrate','v.迁移','（immigrate v.移民 immi-）\n'),
(543,'mingle','v.混合','（single）\n'),
(544,'miniature',' n.微缩模型','（mini structure结构）\n'),
(545,'minimize',' v.最小化','（minimum 最小值）\n'),
(546,'minimum',' 最低限度','（maximum 最大值）\n'),
(547,'minor','a.较少的，较小的 n.未成年人','（major ）\n'),
(548,'minority','n.少数','（ity）\n'),
(549,'misfortune','n.不幸','（）\n'),
(550,'mislead','v.误导','（lead）\n'),
(551,'modify','v.修改','（mode 模式）\n'),
(552,'monitor','n.班长 v.监测，监听','（）\n'),
(553,'morality','n.道德','（moral a.道德的 郭“沫若”）\n'),
(554,'mountainous',' a.多山','（ous-多）\n'),
(555,'mourn','v.悲悼，悼念 ','（moan v.呻吟 拟）\n'),
(556,'multicultural','a.多元文化的','（multi-前缀：多 mountain）\n'),
(557,'multiply','v.乘','（multiple a.多重的）\n'),
(558,'naïve','a.天真的','（sometimes naive）\n'),
(559,'nationwide','adj.全国性的','（）\n'),
(560,'negative','a.消极的，否定的，复数的','（neg-词根：否定）\n'),
(561,'neglect','v.忽视','（neg-否定 lect-词根：选择）\n'),
(562,'negligible',' a.微不足道的','（neglig- neglect ）\n'),
(563,'negotiation','n.谈判','（negative a.否定的 negotiate v.谈判）\n'),
(564,'notable','a.显着的','（note-词根：知道 know）\n'),
(565,'notion','n.概念','（note v.注释，使知道 knwo）\n'),
(566,'notorious',' a.臭名昭著','（note-词根：知道 famous）\n'),
(567,'nutrition','n.营养','（Nutrilite 纽崔莱）\n'),
(568,'obedient',' a.顺从的','（“我被顶的~”）\n'),
(569,'obesity','n.肥胖','（obese a.肥胖的 “哦必死”）\n'),
(570,'objective',' a.客观的 n.目标','（）\n'),
(571,'obligation','n.义务','（oblige v.强迫）\n'),
(572,'oblige','v.强迫','（）\n'),
(573,'obscure','a.不清楚的，不出名的 v.掩盖','（拟）\n'),
(574,'observation','n.观察','（observe v.观察）\n'),
(575,'obvious','a.明显的','（obscure ）\n'),
(576,'occasion','n.机会，场合','（casual a.偶然的）\n'),
(577,'offensive',' v.进攻，冒犯','（offend v.进攻，冒犯）\n'),
(578,'omit',' v.省略，忽略','（out mit-词根：扔）\n'),
(579,'ongoing','a.正在进行','（go on 进行 发生）\n'),
(580,'operation',' n.操作，运营，行动','（operate v.做手术；操作）\n'),
(581,'opponent',' n.对手','（oppo-）\n'),
(582,'opposition','n.反对','（oppo-）\n'),
(583,'oppress','v.压迫','（op-前缀：相对 ）\n'),
(584,'optic','a.眼睛的，视觉的','（opt-词根：看 telescope 望远镜）\n'),
(585,'optimistic','a.乐观的','（pessimistic）\n'),
(586,'option','n.选项','（）\n'),
(587,'original','a.最初的','（origin n.起初）\n'),
(588,'originality','n.独创性','（ity）\n'),
(589,'originate',' v.起源','（origin n.起初）\n'),
(590,'outdate','v.过时','（date 日期）\n'),
(591,'outflow','v.外流','（）\n'),
(592,'overcome','v.克服','（overturn 推翻）\n'),
(593,'overlap','n.交叠','（lap n.人坐着时大腿的朝上部分）\n'),
(594,'overwhelm','v.压倒','（wheel 车轮）\n'),
(595,'overwhelming',' a.压倒性的','（ing）\n'),
(596,'panic','n.恐慌','（“怕你可”）\n'),
(597,'paradox','n.悖论，矛盾','（x）\n'),
(598,'parental','a.父母','（parent 父母）\n'),
(599,'participant','n.参加者','（participate v.参与，分享）\n'),
(600,'particular',' a.特别的 n.细节','（particle n.粒子）\n'),
(601,'partner','n.合伙人','（“拍档”）\n'),
(602,'pastime','n.消遣','（）\n'),
(603,'pathetic',' a.可怜','（sympathetic a.同情的 passion 激情，感情）\n'),
(604,'patriotic','爱国','（pater n.父亲 patriot n.爱国者）\n'),
(605,'pattern','n.模式，模板，图案','（pater ）\n'),
(606,'payment','n.付款','（）\n'),
(607,'peculiar','a.罕见的','（special 特殊的）\n'),
(608,'peer',' n.同行，同辈人','（pair 一双 一对）\n'),
(609,'penalty','n.惩罚，罚款','（penal a.惩罚的 punish v.惩罚）\n'),
(610,'pension','n.养老金','（pens-词根：钱 pence n.便士）\n'),
(611,'performance','n.表现，性能','（perform v.完成；表现，表演）\n'),
(612,'permanent','a.永久的，持久的','（man-词根：手 manual a.手的 n.手册 menu 菜单）\n'),
(613,'permeate',' v.弥漫，渗透','（me-弥）\n'),
(614,'perplex','v.困扰，使困惑','（complex 复杂的）\n'),
(615,'persist','v.坚持','（per-前缀：一直  sist-词根：站）\n'),
(616,'persistent','a.持久的','（ent）\n'),
(617,'personality','n.个性','（personal个人的 ity属性）\n'),
(618,'perspective','n.透视图 a.透视的','（per-一直、穿透 spect-词根：看）\n'),
(619,'pervasive',' v.无孔不入的，到处的 ','（pervade v.遍布 vade-词根：走）\n'),
(620,'pessimistic','a.悲观的','（optimistic a.乐观的）\n'),
(621,'piracy','n.海盗行为，盗版行为','（pirate n.海盗 v.盗版 ）\n'),
(622,'plug',' n.插头 v.插上','（pluck v.拔出）\n'),
(623,'plunge','v.跳水','（“扑浪急” plug v.插入）\n'),
(624,'pollutant',' n.污染物','（pollute v.污染）\n'),
(625,'ponder','n.衡量，权衡，思考','（pound n.磅）\n'),
(626,'popularity','n.声望，普及','（popular 流行的 people 人民）\n'),
(627,'porch','n.门廊，门口','（port n.港口）\n'),
(628,'potential',' a.潜在的，潜力的 n.潜力，能力','（pot n.罐子 bottle n.瓶子）\n'),
(629,'precede','v.领先','（cede-词根：走 proceed v.继续）\n'),
(630,'precious','a.珍贵','（preci-词根：价值 price 价格）\n'),
(631,'precise','a.精确的，确切的 ','（cise-词根：切 scissors n.剪刀）\n'),
(632,'predecessor','n.前任','（pre de cess-词根：走）\n'),
(633,'prediction','n.预测','（dict-词根；说 dictionary 字典）\n'),
(634,'predominant','a.主要','（dome n.圆屋顶 D-△）\n'),
(635,'preliminary','a.预备的，初步的','（limit n.限制，极限）\n'),
(636,'premise','n.前提','（promise v.承诺）\n'),
(637,'prescribe',' v.规定，指示；开处方','（scribe-词根：写 describe v.描写）\n'),
(638,'prescription','n.规定；处方','（ion）\n'),
(639,'presentation','n.介绍，展示','（sent-送）\n'),
(640,'preservation','n.保存','（serve-词根：保存 save）\n'),
(641,'preside','n.主持','（president n.总统）\n'),
(642,'press','v. 按，压','（push 推）\n'),
(643,'prestige','n.威望，威信','（priest n.牧师，领导者 pre前）\n'),
(644,'presumably','adv.想必','（presume v.假设 sume-词根：抓，摘）\n'),
(645,'prevail','v.流行，盛行，战胜','（vail-value价值）\n'),
(646,'prevalent',' a.流行的，盛行的','（ent-的）\n'),
(647,'previous','a.以前的','（vi-way-路）\n'),
(648,'prey',' v.捕猎 n.猎物','（”p捕rey猎”）\n'),
(649,'primitive',' a.原始的','（pre-前）\n'),
(650,'priority','n.优先','（pre-前 ior-更 prior 优先的）\n'),
(651,'privacy',' n.隐私','（private a.私人的）\n'),
(652,'privilege','n.特权','（private a.私人的 legal）\n'),
(653,'probe','n.探针，探测器','（bee 蜜蜂）\n'),
(654,'proceed',' v.继续','（ceed-词根：走）\n'),
(655,'procession','n.队伍，行列','（cess-词根：走）\n'),
(656,'profession','n.职业，行业','（professional a.职业的）\n'),
(657,'proficient',' a.精通的','（fic-词根：做）\n'),
(658,'profound',' a.深远的，极深的','（foundation 基础，地基 ）\n'),
(659,'promote',' v.促进，促销','（motor n.马达，动力）\n'),
(660,'prompt',' v.促进，提示 a.敏捷的','（promote）\n'),
(661,'prone','v.俯卧的，易于','（pro-向前）\n'),
(662,'propel','v.推进','（pel-词根：推）\n'),
(663,'property',' n.财产；个性','（poverty n.贫穷）\n'),
(664,'proposal',' n.建议','（propose v.建议，求婚 pose-词根：放）\n'),
(665,'prospect',' n.前景','（spect-词根：看 retrospect回顾）\n'),
(666,'prosperous','a.繁荣的，昌盛的','（prosper v.繁荣，昌盛 sperm n.精子）\n'),
(667,'provocative','a.挑衅的','（provoke v.挑衅，激怒）\n'),
(668,'pursuit','n.追求；事业','（pursue v.追求，从事 “迫求”）\n'),
(669,'quality','n.质量','（quantity n.数量）\n'),
(670,'quantitative','a.定量的','（quantity n.数量）\n'),
(671,'rack',' n.架','（brace v.支撑 bra n.胸罩）\n'),
(672,'radiant','a.辐射','（radio n.收音机）\n'),
(673,'random','a.随机的，胡乱的','（“乱的么”）\n'),
(674,'rank',' n.等级，军衔','（）\n'),
(675,'rare',' a.罕见的','（bare a.赤裸的）\n'),
(676,'realization/-isation',' n.实现','（realize v.） \n'),
(677,'reassure',' v.安慰，使安心','（assure v.保证） \n'),
(678,'rebound','v.反弹','（bound v.跳跃）\n'),
(679,'receipt','n.收据，发票','（receive v.收到）\n'),
(680,'reception',' n.接待，招待；招待会','（receive v.收到）\n'),
(681,'recession',' n.不景气，衰退期','（cess-词根：走）\n'),
(682,'recipe','n.食谱，配方','（“食ci谱pe”）\n'),
(683,'recognition','n.承认','（cogn-词根：知道 gn-know）\n'),
(684,'reconcile','v.使和解，使和好','（council n.理事会，委员会 consult v.咨询）\n'),
(685,'recover','v.恢复','（cover v.覆盖）\n'),
(686,'rectify','v.纠正','（rect-词根：直）\n'),
(687,'reference',' n.参考','（refer-参考 fer-词根：拿）\n'),
(688,'reflection/-exion','n.反射；反省，思考','（reflect 反射，思考）\n'),
(689,'refrain','v.抑制，避免','（restrain v.抑制）\n'),
(690,'refreshment','n.心旷神怡，茶点饮料','（refresh v.恢复精神）x0frefute v.反驳，驳斥'),
(691,'regardless','adv.无论，不考虑的','（regard考虑 less较少的、不）\n'),
(692,'regime','n.政权，制度','（reign v.统治 foreign a.外国的）\n'),
(693,'registration','n.注册，登记','（register v.登记，注册 region n.地区）\n'),
(694,'relate','v.有关','（relation n.关系）\n'),
(695,'reluctance','a.不情愿的','（re-反复 “拉客”）x0breluctant a.不情愿的'),
(696,'remedy','v.补救，修正','（mend v.修理）\n'),
(697,'repel','v.击退','（pel-词根：推）\n'),
(698,'reproach',' v.责备','（approach v.接近，靠近）\n'),
(699,'reputation','n.声誉','（无解）\n'),
(700,'rescue','v.施救，营救','（“施救”）\n'),
(701,'reservation','v.保留','（reserve v.储备，保留）\n'),
(702,'resign','v.辞职','（assign v.分配任务）\n'),
(703,'resistance','n.抵抗，反抗；电阻','（resist v.抵抗）\n'),
(704,'resolve','v.决定，决心','（solve v.解决）\n'),
(705,'resort','v.诉诸，凭借 n.','（旅游）胜地'),
(706,'resource',' n.资源，办法\n',' '),
(707,'respectable','a.可敬的','（respect v.尊敬）\n'),
(708,'respectful','a.尊敬的','（respect v.尊敬）\n'),
(709,'respective','a.各自的，分别的','（）\n'),
(710,'response',' n.回应，响应','（respond v.回应 rebound v.反弹）\n'),
(711,'responsible','a.负责的，有责任心的','（）\n'),
(712,'restrain','v.抑制，限制','（ strain v.死拽，拉紧，扯紧）\n'),
(713,'restraint','n.克制','（t）\n'),
(714,'restrict','v.限制','（restrain=restrict）\n'),
(715,'retrieve','v.取回；检索','（“取tri回ve” receive v.收到）\n'),
(716,'retrospect','v.回顾','（return v.返回 spect-词根：看）\n'),
(717,'reveal','v.揭示','（veil n.面纱，面罩）\n'),
(718,'revelation','n.揭示，泄露','（ation-）\n'),
(719,'revenge','v.复仇','（fence n.击剑 lance n.长矛）\n'),
(720,'revenue','n.财政收入','（ven-vent-词根：来 went 走）\n'),
(721,'reverse','v.逆转 a.相反的','（re-向回 vers-词根：转）\n'),
(722,'revive','v.复苏，复活','（vive-词根：生命）\n'),
(723,'right-wing','a.右翼的\n',' '),
(724,'rip','n.长裂缝 v.撕裂','（ “日破”）\n'),
(725,'risk','n.危险，风险','（“日石块”）\n'),
(726,'risky',' a.冒险的','（k）\n'),
(727,'robbery','n.抢劫','（rob v.抢劫 “绕脖”）\n'),
(728,'rotate','v.旋转，轮流','（roll v.旋转）\n'),
(729,'roughly','adv.粗糙地，大致地','（rough a.粗糙的 drought n.干旱）\n'),
(730,'ruin',' n.废墟 v.毁坏','（“如殷”）\n'),
(731,'sacrifice','v.牺牲','（sacred a.神圣的 secret a.神秘的 n.秘密）\n'),
(732,'SARS','非典','（AIDS） \n'),
(733,'satisfactory','a.满意的','（satisfy v.使满足）\n'),
(734,'scale','n.刻度，等级，规模','（scar n.刀疤）\n'),
(735,'scan',' v.细看，浏览，扫描','（“细看”）\n'),
(736,'scandal','n.丑闻','（scar n.刀疤）\n'),
(737,'scatter','v.散开，分散','（“散开”）\n'),
(738,'scenario','n.电影脚本','（scene n.一场戏，场景 ary-列表）\n'),
(739,'schooling',' n.教育','（school scholarship n.奖学金；知识）\n'),
(740,'scope','n.视野，范围；机会','（telescope n.望远镜）\n'),
(741,'scorn','v.蔑视','（corn n.玉米）\n'),
(742,'scrape','n.刮','（scribe-词根：写 describe v.描述 ）\n'),
(743,'scratch','v.抓，挠，搔 n.抓痕；起跑线','（拟）\n'),
(744,'scrutiny','v.详细审查','（screw n.螺丝 tiny a.细小的）\n'),
(745,'secrecy','n.保密，秘密','（secret n.秘密）\n'),
(746,'secretary',' n.秘书','（secret n.秘密）\n'),
(747,'segment','n.片段','（section n.部分）\n'),
(748,'segregation','n.隔离','（segregate v.隔离 seg- region 地区）\n'),
(749,'seniority','n.年长，资深','（senior a.年老的 junior a.年少的）\n'),
(750,'sensational','a.轰动的','（sensation n.轰动 sense n.感觉）\n'),
(751,'sensitive',' a.敏感','（sense active 活跃的）\n'),
(752,'sensitivity','n.灵敏度','（ity-）\n'),
(753,'sentiment','n.情绪','（sent-词根：感觉 sense）\n'),
(754,'sequence',' n. 序列','（sequ-词根：跟着 second 随后的）\n'),
(755,'setback','n.后退，挫折','（set 放）\n'),
(756,'shame','n.耻辱','（shy v.害羞）\n'),
(757,'sheer','a.纯的，陡峭的','（拟）\n'),
(758,'shrewd','a.精明','（shrew n.鼩鼱，小老鼠）\n'),
(759,'shrink','v.缩水；收缩；退缩','（drink v.吸水）\n'),
(760,'sidewalk',' n.人行道','（side）\n'),
(761,'significant','a.显著的，明显的','（signify v.有意义，明显 sign n.标记）\n'),
(762,'signify','v.象征，有意义','（sign n.标志）\n'),
(763,'sizable','a.可观的','（size n.尺寸）\n'),
(764,'slap','v.掌掴，拍击','（clap v.拍掌）\n'),
(765,'slavery','n.奴隶制度','（slave n.奴隶）\n'),
(766,'snatch','v.攫取，抢夺','（snake catch）\n'),
(767,'soar',' v.翱翔，上升','（“嗖~”）\n'),
(768,'solemn','a.庄严的，肃穆的','（“sole肃 mn穆”）\n'),
(769,'solution','n.解决，解答','（solve v.解决）\n'),
(770,'sophisticated','a.老于世故的，复杂的','（sophist n.智者 philosopher n.哲学）\n'),
(771,'sorrow','n.悲哀，悲痛','（sorry a.痛苦的）\n'),
(772,'spacious','n.宽敞','（space n.空间）\n'),
(773,'sparkle','v.闪耀','（spark n.火花）\n'),
(774,'specification','n.指明，规范','（specific a.明确的 special a.特殊的）\n'),
(775,'speculate',' v.投机，推测','（spect-词根：看 calculate v.算）\n'),
(776,'speculative','a.投机的','（ive）\n'),
(777,'spite',' v.怨恨','（spit v.吐痰） \n'),
(778,'split',' v.分裂，绝交','（“死不裂它” “裂不死它”）\n'),
(779,'sponsor','n.发起人 v.赞助','（“始办者”）\n'),
(780,'spontaneous','a.自发的','（aneous-的）\n'),
(781,'stability','n.稳定性','（stable a.稳定）\n'),
(782,'stack','v.堆，摞，叠','（stock v.存储 n.股票）\n'),
(783,'stagger','v.蹒跚，踉跄；错开','（stay v.停）\n'),
(784,'staple','n.主食，主料，主要产品','（stable a.稳）\n'),
(786,'startle','v.惊吓','（“死打头”）\n'),
(787,'stationary','n.静止的','（station n.站，台 stand ）\n'),
(788,'statistics','n.统计学','（“踢死”“踢个死”）\n'),
(789,'steer','v.驾驶，掌舵','（“司机”）\n'),
(790,'stern','a.严肃的，严厉的','（“死瞪着”）\n'),
(791,'sticky','a.黏','（chopsticks n.筷子 stick n.小棍 v.贴，粘）\n'),
(792,'stock','n.股票 v.存储\n',' '),
(793,'stockholder','n.股东','（stock n.股票 shareholder n.股东）\n'),
(794,'stretch','v.伸展 n.一段时间，一段距离','（“死拽”）\n'),
(795,'string','n.琴弦，串','（a string of 一系列）\n'),
(796,'strip',' v.剥掉，剥离','（stripper n.脱衣舞女 “死醉婆儿”）\n'),
(797,'stroke','v.打击 n.中风','（“死揍”）\n'),
(798,'submit','v.提交','（mit-词根：投，扔）\n'),
(799,'subordinate','v.服从','（order n.命令；秩序）\n'),
(800,'subscribe',' v.订阅，订购','（the subscriber you dial is poweroff）\n'),
(801,'subsequent','a.随后的','（sequ-词根：跟着 second a.随后）\n'),
(803,'subside','v.平息，安抚','（sid-词根：坐）\n'),
(802,'subsidiary','a.辅助的，附属的，次要的','（sid-词根：坐 sit）\n'),
(804,'subsidy','n.补贴，补助金','（money）\n'),
(805,'subtle','a.微妙，细微的','（sub-下 little 小）\n'),
(806,'subtract','v.扯去，减去','（tract-词根：拉扯 tractor 拖拉机）\n'),
(807,'succession','n.继续，连续','（su'),
(808,'successive','a.连续','（ive-）\n'),
(809,'suffering',' n.痛苦','（suffer v.受苦，受难 fer-词根：带，运）\n'),
(810,'sufficient',' a.足够','（deficient a.不足的 de-底下）\n'),
(811,'summon','v.召唤；鼓起，奋起','（moan v.呻吟）\n'),
(812,'superficial','a.肤浅的','（super 上面face n.脸）\n'),
(813,'superiority','n.优势','（superior a.优等的 ior-更）\n'),
(814,'supervisor','n.监管者','（vise-词根：看）\n'),
(815,'supplement','n.补充；增刊','（complement n.补充）\n'),
(816,'suppress','v.压制','（press v.压 push v.推）\n'),
(817,'surgeon','n.外科医生','（organ n.器官）\n'),
(818,'surgical','a.外科的','（surgery n.外科，诊室）\n'),
(819,'surpass','v.超越','（super v.超）\n'),
(820,'surplus','a.盈余的，过剩的','（sur-super plus加）\n'),
(821,'survey','n.俯瞰；社会调查','（sur-super vey-vise-词根：看）\n'),
(822,'survivor','n.幸存者','（survive v.幸存 sur-super viv-活）\n'),
(823,'suspicious','a.可疑的 ','（suspect v.怀疑）\n'),
(824,'sustain','v.支持','（tain-词根：拿 take ）\n'),
(825,'sustainable','a.可持续的 ','（able）\n'),
(826,'sweep','v.扫，扫荡，席卷','（wipe v.擦）\n'),
(827,'switch','n.开关 v.转换','（swing n.秋千）\n'),
(828,'symmetrical','a.对称的','（sym-same meter 米）\n'),
(829,'sympathy',' n.同情','（path-词根：情 passion 激情，感情）\n'),
(830,'symposium','n.座谈会','（sym-same-相同 ）\n'),
(831,'symptom',' n.症状','（”心扑腾”  seem to）\n'),
(832,'tangle','v.纠缠，混乱','（“探戈” triangle 三角）\n'),
(833,'tasty',' a.好吃','（taste n.味道）\n'),
(834,'tedious','a.冗长的，乏味的','（tend v.伸向，朝向）\n'),
(835,'temperament',' n.气质，性情','（temper n.脾气）\n'),
(836,'tempt','v.诱惑','（empty a.空的）\n'),
(837,'tentative',' a.试探性的，暂时性的','（ttt）\n'),
(838,'terminate','v.终止','（terminal n.终点 final n.终点）\n'),
(839,'terrorism',' n.恐怖主义','（terror n.恐怖）\n'),
(840,'terrorist','n.恐怖分子','（terror n.恐怖 terrible a.糟糕的）\n'),
(841,'testify','v.作证','（test n.测试）\n'),
(842,'theme','n.主题','（“题目”）\n'),
(843,'thoughtful','a.考虑周到的','（thought n.思考）\n'),
(844,'thread','n.线；思路','（）\n'),
(845,'threshold',' n.门槛','（thread hold阻挡）\n'),
(846,'tolerance',' n.容忍；公差','（tolerate v.容忍） \n'),
(847,'toss',' v.投，掷；颠簸\n',' '),
(848,'tow','v.拖','（“拖” drag 拽）\n'),
(849,'track','n.轨道 v.追踪','（train n.火车）\n'),
(850,'trademark','n.商标','（trade n.贸易，买卖 mark n.标志）\n'),
(851,'tragic','a.悲惨的，悲剧的','（tragedy n.悲剧 “踹着滴”）\n'),
(852,'transaction','n.交易，办理','（trans-由此到彼）\n'),
(853,'transfer','v.转让，换乘','（trans-由此到彼，fer-词根：带）\n'),
(854,'transform','v.改造，变形','（trans-由此到彼，form 形状）\n'),
(855,'transition',' v.过渡','（trans-由此到彼，it-词根：走 exit ）\n'),
(856,'transmission','n.传输','（transmit v.发送 mit-词根：投射）\n'),
(857,'transplant','v.移植','（trans-前缀：由此到彼）\n'),
(858,'treasure','n.财宝','（“揣着” trash n.垃圾）\n'),
(859,'treatment','n.治疗','（treat v.处理；治疗）\n'),
(860,'treaty','n.条约','（treat v.对待，处理；谈判 Nanjing treaty）\n'),
(861,'tremendous','a.巨大的','（extra-前缀：向外 mend-词根：测量）\n'),
(862,'trivial','a.无足轻重的n.琐碎','（tri-三 vi-way路）\n'),
(863,'tumble','v.跌倒，打滚；暴跌','（stumble v.绊倒）\n'),
(864,'turbulent',' a.骚乱的，暴乱的','（“特别乱的” trouble n.麻烦）\n'),
(865,'underline',' v.加下划线，强调','（under line）\n'),
(866,'undertake','v.承担','（take 拿）\n'),
(867,'underway','a.起步的，进行中的','（on the way）\n'),
(868,'unfold','v.展开','（fold v.折叠）\n'),
(869,'unprecedented','a.史无前例的','（precedent n.先例 \n'),
(871,'unveil','v.揭幕','（veil n.面纱，面罩）\n'),
(872,'upright','adv.直立','（right a.直的）\n'),
(873,'upset','v.翻倒，打乱','（up 上面 set放下）\n'),
(874,'valid',' a.有效的','（）\n'),
(875,'verbal','a.口头的，语言的','（verb n.动词 word n.词）\n'),
(876,'versatile','a.多才多艺的','（verse-词根：旋转 tile n.瓦片 file n.文件）\n'),
(877,'vicinity','n.附近','（vice a.副职的 “vi附cin近”）\n'),
(878,'vigorous','a.活力的','（vigor n.活力，精力  “伟哥”）\n'),
(880,'virtually','adv.实质上','（virtual a.实际上；虚拟的 actual \n'),
(879,'virtue','n.贞操，美德','（virgin n.处女）\n'),
(882,'vivid',' a.栩栩如生的','（vi-词根：生命）\n'),
(883,'vow',' v.发誓 n.誓言','（拟）\n'),
(884,'vulgar','a.庸俗的，庸俗的','（folk n.人民 “五哥”）\n'),
(885,'wage','v.进展','（wagon n.马车）\n'),
(886,'warehouse','n.仓库','（ware n.货物 software n.软件）\n'),
(887,'wildlife','n.野生动物','（wild a.狂野的 mild a.温和的）\n'),
(888,'withdraw',' v.撤回','（with-前缀：向回 draw v.拉扯）\n'),
(889,'workforce','n.劳动力','（force n.力量）\n'),
(890,'workplace','n.工作场所','（place n.地方）\n'),
(891,'wreck','v.毁坏，船只失事','（crack v.破裂）\n');

/*Table structure for table `words` */

DROP TABLE IF EXISTS `words`;

CREATE TABLE `words` (
  `wid` varchar(222) NOT NULL,
  `wname` varchar(222) DEFAULT NULL,
  `wmeaning` varchar(222) DEFAULT NULL,
  `wbuchong` varchar(222) DEFAULT NULL,
  PRIMARY KEY (`wid`)
) ENGINE=InnoDB DEFAULT CHARSET=utf8;

/*Data for the table `words` */

/*!40101 SET SQL_MODE=@OLD_SQL_MODE */;
/*!40014 SET FOREIGN_KEY_CHECKS=@OLD_FOREIGN_KEY_CHECKS */;
/*!40014 SET UNIQUE_CHECKS=@OLD_UNIQUE_CHECKS */;
/*!40111 SET SQL_NOTES=@OLD_SQL_NOTES */;
